File,Page,Text,Notes,Images
C:\Users\Shreya B\Documents\Projects\amida sled overview -feb 24 2025.pdf,1,"State, Local, and Education (SLED) Overview
Mukundan Srinivasan
Peter L. Levin
February 2025
",,['amida sled overview -feb 24 2025 p1 1.jpeg']
C:\Users\Shreya B\Documents\Projects\amida sled overview -feb 24 2025.pdf,2,"2
CONFIDENTIAL AND PROPRIETARY INFORMATION: DO NOT DISTRIBUTE
Mission
Amida is a software services company that solves the most difficult problems 
in data interoperability, reconciliation, security, and governance. We create 
and manage data infrastructure platforms that enable the reliable use of 
sensitive information.
Introduction >
",,"['amida sled overview -feb 24 2025 p2 1.png', 'amida sled overview -feb 24 2025 p2 2.png']"
C:\Users\Shreya B\Documents\Projects\amida sled overview -feb 24 2025.pdf,3,"3
CONFIDENTIAL AND PROPRIETARY INFORMATION: DO NOT DISTRIBUTE
State Market Trends and Challenges
Across the State health IT ecosystem, there is a clear focus on cost containment, improved data access, and enhanced quality of care. This includes 
a shift toward value-based care models, the expansion of Medicaid coverage, addressing social determinants of health to improve healthcare access 
and equity, investments in public health data infrastructure, the establishment of data governance frameworks, and improved data interoperability.
Key trends in the State sector:
â€¢
CMS compliance mandates â€“ States must comply with 
the Interoperability and Patient Access (9115-F) and 
Interoperability and Prior Authorization (0057-F) Final 
Rules by January 1, 2027
â€¢
Healthcare reforms â€“ Policies emphasize choice, 
expanded access to care, and cost reduction, including 
initiatives such as price transparency and value-based 
care (e.g., AFPI white papers, Make America Healthy 
Again initiative)
â€¢
Advancement of digital health and interoperability â€“
Efforts focus on improving quality of care through 
disease surveillance, outbreak response, and enhanced 
data-sharing (e.g., TEFCA Initiative â€“ ONC)
â€¢
IT modernization â€“ Investment in modern, modular, 
cloud-based systems drives public health data 
infrastructure improvements (e.g., HIMSS Public Health 
Information and Technology Infrastructure 
Modernization Initiative, CDC Data Modernization 
Initiative)
â€¢
Federal assistance program spending pause â€“ On 
January 27, 2025, the Office of Management and Budget 
(OMB) issued a memo pausing all federal assistance 
program spending (inclusive of grants to states), except 
for direct financial assistance initiatives (e.g., Social 
Security, Medicare, FEMA individual assistance)
â€¢
State agencies require the ability to improve or re-
engineer manual, time-intensive processes through the 
incorporation of Artificial Intelligence (AI), ML, data 
mining, Robotic Process Automation (RPA), and 
automation capabilities to increase operational and 
oversight efficiencies
â€¢
State health agencies must implement data standards 
(e.g., FHIR, HL7) to achieve federal interoperability 
requirements, enhance quality of care services (and the 
overall patient experience), optimize data aggregation 
and analysis across populations, and better-address 
health disparities
â€¢
As states transition to a Medicaid Managed Care model, 
they require visibility into claim-related encounters 
transferred between providers and health plans, to 
better understand how Managed Care Organizations 
process and adjudicate claims and to ensure accurate 
and efficient provider reimbursement
â€¢
To modernize legacy IT environments, states can no 
longer afford to modify existing monolithic systems and 
are shifting to best-of-breed modular solutions that can 
be implemented and integrated cost-effectively 
â€¢
Grant program efficiency may be impacted by a potential 
funding pause due to the OMB memo
â€¢
Data silos and fragmentation limit interoperability, 
preventing a comprehensive view of patient profiles, 
trend analysis, and quality/cost assessment
â€¢
Redundant, incomplete, and poor-quality data sets hinder 
access to accurate, data-driven healthcare insights
â€¢
A lack of data standards, interoperability issues, and 
incomplete patient records across state systems 
contribute to inefficiencies, increased costs, and risks to 
patient safety
â€¢
The legacy Medicaid Management Information System 
(MMIS) and outdated systems prevent effective analysis 
of complex data sets, limiting the insights needed to 
improve care quality and operational efficiency
â€¢
An absence of data governance frameworks leads to 
inconsistent data management practices, security risks, 
and challenges in meeting data privacy regulations (e.g., 
HIPAA, CMS)
Industry Trends
Government Needs
Agency Challenges
Introduction >
",,"['amida sled overview -feb 24 2025 p3 1.png', 'amida sled overview -feb 24 2025 p3 2.png', 'amida sled overview -feb 24 2025 p3 3.jpeg']"
C:\Users\Shreya B\Documents\Projects\amida sled overview -feb 24 2025.pdf,4,"4
CONFIDENTIAL AND PROPRIETARY INFORMATION: DO NOT DISTRIBUTE
Amidaâ€™s Capabilities in a Nutshell
Sources
adapters
data reconciliation, 
integrity, validation, 
and transformation
applications 
Destinations
010110110111
101000100101
010011001110
110100100111
speed
semicon 
device
dB
ð˜µ
â€¢ legacy platforms
â€¢ new data services
â€¢ advanced analytics
â€¢ business intelligence
Introduction >
",,"['amida sled overview -feb 24 2025 p4 1.png', 'amida sled overview -feb 24 2025 p4 2.png', 'amida sled overview -feb 24 2025 p4 3.png']"
C:\Users\Shreya B\Documents\Projects\amida sled overview -feb 24 2025.pdf,5,"5
CONFIDENTIAL AND PROPRIETARY INFORMATION: DO NOT DISTRIBUTE
We Help State Government Improve Services to Citizens
Our solutions provide:
â€¢
Complete state government compliance with CMS 
interoperability mandates via secure, FHIR-based APIs
â€¢
95% improvement in data quality needed for Medicaid rates 
setting 
â€¢
Streamlined data-format conversion, minimizing time, effort, 
and costs while preventing data loss and errors caused by 
manual interventions
â€¢
Statistically validated synthetic patient data sets that do not 
require elaborate HIPAA protections or consent tracking 
needed for clinical training in todayâ€™s digital environment 
â€¢
Rapid access to health information that supports patient risk 
management, enhanced care, lower costs, and improved 
health outcomes
Introduction >
",,"['amida sled overview -feb 24 2025 p5 1.png', 'amida sled overview -feb 24 2025 p5 2.jpeg']"
C:\Users\Shreya B\Documents\Projects\amida sled overview -feb 24 2025.pdf,6,"Data Management 
Solutions
",,['amida sled overview -feb 24 2025 p6 1.jpeg']
C:\Users\Shreya B\Documents\Projects\amida sled overview -feb 24 2025.pdf,7,"7
CONFIDENTIAL AND PROPRIETARY INFORMATION: DO NOT DISTRIBUTE
Data Management Overview
Data Management Solutions >
We solve the most difficult problems in data interoperability, reconciliation, 
security, and governance. 
â€¢
Organizations are 
wrestling with data 
ingestion from multiple 
sources; formats are 
incompatible and 
structures do not match
â€¢
Even when data is 
ingested into an 
enterprise repository, 
finding it later is 
expensive and error prone
â€¢
Even when data is found, 
its quality is dubious and 
often untrustworthy
â€¢
Create an automated and extensible framework that 
validates rules at each step in the ingestion process 
â€¢
Implement a data catalog and associated processes to 
capture data element definitions and business glossary 
terms
â€¢
Implement a data quality tool to facilitate the near real-
time reporting of data quality issues
â€¢
Build an operational model that enforces enterprise data 
governance
â€¢
Create a complete and comprehensive data ontology for 
core processing systems, including: data model libraries, 
process transformations, valid-value assertions, and 
auditable traces through exchange points
Problem
Our Approach
Impacts
â€¢
Implementing a data 
validation overlay and 
closely monitoring the data 
integration process enables 
swift identification and 
early remediation of data 
quality and integrity issues, 
improves compliance, 
detects errors, and 
mitigates contamination
â€¢
Automated data quality 
checks optimize the internal 
utility and external 
exchange of validated, 
verified, and trusted data
",,"['amida sled overview -feb 24 2025 p7 1.png', 'amida sled overview -feb 24 2025 p7 2.png', 'amida sled overview -feb 24 2025 p7 3.jpeg', 'amida sled overview -feb 24 2025 p7 4.png', 'amida sled overview -feb 24 2025 p7 5.png']"
C:\Users\Shreya B\Documents\Projects\amida sled overview -feb 24 2025.pdf,8,"8
CONFIDENTIAL AND PROPRIETARY INFORMATION: DO NOT DISTRIBUTE
Our Data Management Approach
We build openly architected solutions based on commercial products and open-source components that collect and prepare data 
from a variety of sources â€“ independent of structure, format, provenance, and schema â€“ to support business intelligence, 
predictive analytics, and downstream transactions.
Data Management Solutions >
",,"['amida sled overview -feb 24 2025 p8 1.png', 'amida sled overview -feb 24 2025 p8 2.png']"
C:\Users\Shreya B\Documents\Projects\amida sled overview -feb 24 2025.pdf,9,"9
CONFIDENTIAL AND PROPRIETARY INFORMATION: DO NOT DISTRIBUTE
Electronic medical record (EMR) systems from different vendors (e.g., Epic and Cerner) do not use automated methods to share data. Amida 
has experience helping clients â€“ such as UPMC, HCSC, Perspecta, and Availity â€“ to normalize, translate, and harmonize health data. 
Reconciliation of data at the atomic level enables clients to meet industry standards and best practices, enhance workflow efficiency, and 
improve clinical care outcomes.
Atomic Data Reconciliation
Data Management Solutions  >
EMR systems have allergens and 
reactions encoded in different 
ontologies.
A single EMR may contain an 
incomplete record of the patientâ€™s 
active allergies.
Multum, SNOMED, RxNorm, NDF-
RT, UNII, custom codes, free text
Epic has an active bee venom 
allergy for a given patient, but 
Cerner indicates NKA.
Terminology Translation
â€¢
Integrates with Clinical 
Architectureâ€™s Symedical
â€¢
Medication allergens are mapped 
to RxNorm
â€¢
Food, environmental factors, 
classes, and reactions are mapped 
to SNOMED CT
Problem
Example
Amidaâ€™s
Solution
Data Harmonization
â€¢
Applies business rules to reconcile 
all records for a given patient 
â€¢
Outputs the steps needed to 
update each EMR system to 
reflect the harmonized patient 
record
EMR systems use different data 
labeling and formatting.
Epic uses a single field to indicate an 
active allergy, while Cerner uses 
two different fields.
Data Normalization
â€¢
Parses input EMR records
â€¢
Performs data cleansing
â€¢
Normalizes data to the Fast 
Healthcare Interoperability 
Resources (FHIR) specification
1
2
3
",,"['amida sled overview -feb 24 2025 p9 1.png', 'amida sled overview -feb 24 2025 p9 2.png', 'amida sled overview -feb 24 2025 p9 3.png', 'amida sled overview -feb 24 2025 p9 4.png', 'amida sled overview -feb 24 2025 p9 5.png']"
C:\Users\Shreya B\Documents\Projects\amida sled overview -feb 24 2025.pdf,10,"10
CONFIDENTIAL AND PROPRIETARY INFORMATION: DO NOT DISTRIBUTE
NCDHHS: Medicaid Connect â€“ API Development and Implementation
State, 2024â€“Present
Problem
Over 100 million Americans with digital health records cannot access or share medical 
information across healthcare systems. To address this fragmentation, CMS mandated that 
state Medicaid agencies implement APIs for secure electronic exchange of healthcare data 
between patients, caretakers, providers, and payers.
Our Approach
Amida, in partnership with MedicaSoft and LexisNexis, is building a comprehensive 
Medicaid Connect platform for NCDHHS that includes:
â€¢
Patient Access and Payer-to-Payer APIs built on MedicaSoft's HITRUST-certified 
NXT Platform
â€¢
Remote identity verification through LexisNexis integration
â€¢
A Provider Directory API that enables beneficiaries to search for caregivers using their 
preferred third-party applications
Impact
The Medicaid Connect platform will directly address healthcare data fragmentation through:
â€¢
Access to seventeen FHIR resources with claims and medical data for 1.1 million NC 
Medicaid Direct beneficiaries
â€¢
Provider Directory access for all 10.8 million North Carolina residents
â€¢
Complete NCDHHS compliance with CMS interoperability mandates via secure, FHIR-
based APIs without the need for direct NCDHHS personnel interaction
Amida leveraged our expertise in health data 
interoperability to extract data from NCDHHS 
systems and convert it into FHIR-compliant 
resources. Through Medicaid Connect, North 
Carolina Medicaid beneficiaries will gain secure 
online access to their health data.
Data Management Solutions >
",,"['amida sled overview -feb 24 2025 p10 1.png', 'amida sled overview -feb 24 2025 p10 2.png', 'amida sled overview -feb 24 2025 p10 3.jpeg']"
C:\Users\Shreya B\Documents\Projects\amida sled overview -feb 24 2025.pdf,11,"11
CONFIDENTIAL AND PROPRIETARY INFORMATION: DO NOT DISTRIBUTE
Problem
The Encounter Processing System (EPS) for the South Carolina 
Department of Health and Human Services (SCDHHS) 
was outdated and inadequate. It failed to meet critical business, 
technical, and functional needs. The SCDHHS EPS utilized a 
mainframe as its runtime environment, which proved to be an 
inflexible, expensive solution that was unable to scale.
Our Approach
Amida deployed a Minimum Testable Product (MTP), which was an 
enhanced and modernized iteration of the Virginia EPS application 
architecture, technology stack, and code base. The EPS MTP 
includes critical components such as encounter ingestion, storage, 
validation, and processing, as well as ancillary features such as 
reporting and distribution. In close collaboration with SCDHHS, we 
implemented the solution on the AWS cloud, which allowed us to 
maximize flexibility, scalability, and cost-effectiveness while 
adhering to industry standards and best practices.
Impact
A majority (65 percent) of all South Carolina Medicaid Program 
beneficiaries are enrolled in managed care plans, which account 
for more than $3 billion in costs annually. The new EPS can handle 
a full monthâ€™s Medicaid encounter volume â€“ more than a million 
encounters â€“ in just one day. In the future, the new EPS will 
improve data quality for rate setting by 95 percent.
Encounter Processing System for South Carolina DHHS
State, 2023â€“2024
Depiction of the encounter transaction validation flow 
through the various components of the EPS.
Trading 
partner 
submits EDI 
files to 
Managed File 
Transfer 
(MFT)
MFT sends 
files to the  
Electronic 
Data 
Interchange 
(EDI) process 
Preprocessor 
validates and  
sends files 
to the 
compliance 
checker
Compliance 
checker
Business 
rules engine
Data Management Solutions >
",,"['amida sled overview -feb 24 2025 p11 1.png', 'amida sled overview -feb 24 2025 p11 2.png']"
C:\Users\Shreya B\Documents\Projects\amida sled overview -feb 24 2025.pdf,12,"12
CONFIDENTIAL AND PROPRIETARY INFORMATION: DO NOT DISTRIBUTE
This diagram depicts the FHIR-to-OMOP translation 
process workflow. Data from A (source: Athenahealth) 
will be retrieved in FHIR/FHIR-compliant format via SFTP 
from B (Amida's mapping service) and then transported to 
C (destination: WVCTSI-controlled OMOP database).
Problem
WVCTSI received a five-year National Institutes of Health (NIH) grant to increase 
the participation of underserved populations (e.g., minority and low-income groups) in 
clinical trials through partnerships with local clinics. The institute employs skilled clinicians 
and researchers but lacks the technical resources required to establish bidirectional 
connections with partner clinics, which is necessary to access, map, and translate patient 
health data to the Observational Medical Outcomes Partnership (OMOP) model. This model 
enables seamless data sharing and utilization for research purposes.
Our Approach
WVCTSI selected Amida to provide mapping, translation, and data-loading services. We are 
working with WVCTSI and two partner clinic sites â€“ the New River Health Association and 
Cabin Creek Health System, which serve a population of approximately 36,000 patients â€“ to 
retrieve health data from Athenahealth, their current data source, via bulk FHIR file transfer. 
The retrieved data is specific to ZIP code, Body Mass Index (BMI), and Hemoglobin-A1C 
levels for patients over five years of age. Amida translates the FHIR-based Athenahealth 
records to the WVCTSI OMOP format.
Impact
Amida's approach to the retrieval, mapping, and translation of FHIR data to OMOP 
standards improves data interoperability and collaboration among researchers and clinicians, 
which enables informed data analysis and business decision-making.
Our translation service streamlines data-format conversion, minimizing time, effort, and 
costs while preventing data loss and errors caused by manual interventions. The 
standardization of institutional data for seamless collaboration between clinical and research 
teams will improve patient outcomes.
West Virginia Clinical and Translational Science Institute (WVCTSI)
State and Local, 2024â€“Present
Insert 
Graphic Here 
and Remove 
Box
Data Management Solutions >
",,"['amida sled overview -feb 24 2025 p12 1.png', 'amida sled overview -feb 24 2025 p12 2.png', 'amida sled overview -feb 24 2025 p12 3.png']"
C:\Users\Shreya B\Documents\Projects\amida sled overview -feb 24 2025.pdf,13,"13
CONFIDENTIAL AND PROPRIETARY INFORMATION: DO NOT DISTRIBUTE
Diagram of the BIDP conceptual architecture.
Problem
Health data for citizens of North Carolina is distributed across 
fourteen governmental divisions. During the COVID-19 pandemic, 
the state built a consolidation platform that enables policymakers 
and public health officials to monitor outbreaks and deploy 
resources. The North Carolina Department of Health and Human 
Services (NCDHHS) asked Amida to help fortify the platform and 
extend its data ingestion capabilities.
Our Approach
Amida developed use cases, identified the technology stack, and 
implemented a fully functional proof-of-concept. We conducted a 
systematic technical review and recommended a new data flow 
architecture. We implemented that pipeline with:
â€¢
A renovated flow architecture, including source identification, 
ingestion and staging, model reconciliation, and transformation
â€¢
Data governance capabilities and tools (e.g., metadata 
management and a data catalog)
â€¢
The ability to onboard additional data sources and support 
future use cases 
â€¢
High Availability and Disaster Recovery (HA/DR)
Impact
We developed a fully functional and production-ready proof-of-
concept that includes a catalog, dictionary, and scalable 
governance framework.
Business Intelligence Data Platform (BIDP)
Data Management Solutions >
State and Local, 2021
Insert Graphic 
Here and 
Remove Box
",,"['amida sled overview -feb 24 2025 p13 1.png', 'amida sled overview -feb 24 2025 p13 2.jpeg', 'amida sled overview -feb 24 2025 p13 3.png']"
C:\Users\Shreya B\Documents\Projects\amida sled overview -feb 24 2025.pdf,14,"14
CONFIDENTIAL AND PROPRIETARY INFORMATION: DO NOT DISTRIBUTE
The SPPG is a plugin for the i2b2 platform. Any user 
of the i2b2 platform (or member of the ACT network) 
can install the plugin and generate synthetic data.
Problem
Researchers and educators use clinical data in many scenarios beyond 
direct patient care, such as population health analytics and training. 
When patient data is transmitted and stored for use in the systems 
that support these activities, the risk of HIPAA violations due to 
improper use or disclosure increases. To minimize the risk of patient 
confidentiality breaches, organizations should avoid the use of real 
patient data whenever possible.
Our Approach
Amidaâ€™s Synthetic Patient Profile Generator creates artificial patient 
data that is statistically similar enough to real data for use in non-care 
systems, but that is not attributable to real patients. The tool is 
integrated into the University of Pittsburghâ€™s informatics platform, 
i2b2. It analyzes a sample cohort of real patients, statistically profiles 
the demographics, diagnoses, and care plans of those patients, and 
generates a similar cohort of synthetic patients. Synthetic patient data 
is free of security concerns and can be widely distributed, but it is also 
realistic enough for use in analytics and training.
Impact
By providing wider access to statistically valid data sets that do not 
require elaborate HIPAA protections or consent tracking, synthetic 
patient data will become an indispensable tool for clinical training. 
University of Pittsburgh Synthetic Patient Profile Generator (SPPG)
Commercial, 2022â€“2023
Insert Graphic 
Here and 
Remove Box
Data Management Solutions >
",,"['amida sled overview -feb 24 2025 p14 1.png', 'amida sled overview -feb 24 2025 p14 2.png', 'amida sled overview -feb 24 2025 p14 3.png', 'amida sled overview -feb 24 2025 p14 4.png']"
C:\Users\Shreya B\Documents\Projects\amida sled overview -feb 24 2025.pdf,15,"15
CONFIDENTIAL AND PROPRIETARY INFORMATION: DO NOT DISTRIBUTE
Problem
Availity needed a more efficient way to query existing patient records for 
specific health conditions or cases. It was a cumbersome and slow 
process to find records and determine patients who matched important 
criteria.
Our Approach
Amida helped Availity and HCSC to retrieve, parse, store, and expose C-
CDA clinical data via an API. We worked with individual C-CDAs to:
â€¢
Design an easy-to-use web application to search the C-CDAs with a 
predefined list of data elements; these C-CDAs are tailored for 
specific customer needs, such as Healthcare Effectiveness Data and 
Information Set (HEDIS) measurements and risk adjustment
â€¢
Build microservices that can parse a stream of C-CDAs from one or 
more sources of clinical data, and index and store them for 
subsequent retrieval by a web application
â€¢
Develop an API to expose clinical data to the HCSC Medical 
Economics teamâ€™s third-party applications
Impact
Rapid access to health information (such as population-health and clinical 
data needed to generate HEDIS scores) supports patient risk 
management, enhances care, lowers costs, and improves health 
outcomes.
Clinical Data for HEDIS Score Improvement
Data Management Solutions >
Commercial, 2020
Amida built an easy-to-use prototype search engine 
that queries clinical data to analyze trends, anticipate 
risks, and intervene in care plans as needed.
",,"['amida sled overview -feb 24 2025 p15 1.png', 'amida sled overview -feb 24 2025 p15 2.png', 'amida sled overview -feb 24 2025 p15 3.png']"
C:\Users\Shreya B\Documents\Projects\amida sled overview -feb 24 2025.pdf,16,"16
CONFIDENTIAL AND PROPRIETARY INFORMATION: DO NOT DISTRIBUTE
Problem
The Blue Cross Blue Shield Association (BCBSA) / Triple-S Salud 
had to make rapid technical and organizational changes to comply 
with various transparency requirements under the Consolidated 
Appropriations Act (CAA).
Our Approach
â€¢
Created a data extraction and transfer tool that provides 
source data as part of an interoperable Provider Network Data 
Exchange (PNDE); we mapped source data, created an 
Informatica-based Extract, Transform, Load (ETL) process to 
generate files, and furnished tools to automate file generation 
in advance of the potential development of an API
â€¢
Reviewed policies and procedures for compliance with data 
interoperability standards, identified gaps, and offered 
recommendations for improvement
â€¢
Developed training materials for Triple-S providers and staff on 
the value and benefits of the use of FHIR
â€¢
Provided required data to CMS that satisfied the CAA 
transparency requirements 
Impact
This work has prepared BCBSA for CAA compliance through the 
development of an upgraded PNDE, the identification of policy 
gaps, and the creation of important change-management materials.
Data Interoperability
Data Management Solutions >
Commercial, 2021â€“2022
Diagram of the Triple-S data mapping pipeline 
for historical claims and allowed amounts.
Retrieval via 
ETL tool or 
direct query
Transformation 
of mapped data 
to prescribed 
format
Transfer 
to BCBSA
Data mapping
Automated file 
submission tool
(Other data 
sources)
ETL tool
Directory 
source data
= Amida work
{JSON} 
transformation
",,"['amida sled overview -feb 24 2025 p16 1.png', 'amida sled overview -feb 24 2025 p16 2.jpeg', 'amida sled overview -feb 24 2025 p16 3.png', 'amida sled overview -feb 24 2025 p16 4.jpeg', 'amida sled overview -feb 24 2025 p16 5.png', 'amida sled overview -feb 24 2025 p16 6.jpeg', 'amida sled overview -feb 24 2025 p16 7.png', 'amida sled overview -feb 24 2025 p16 8.png']"
C:\Users\Shreya B\Documents\Projects\amida sled overview -feb 24 2025.pdf,17,"17
CONFIDENTIAL AND PROPRIETARY INFORMATION: DO NOT DISTRIBUTE
Problem
Health First had an aging data warehouse infrastructure and a technology stack 
that was costly, inflexible, and unable to scale for emerging business needs.
Our Approach
Amida helped Health First design and implement a comprehensive data 
management framework. We:
â€¢
Led program management, enterprise architecture design, and security 
framework enhancement to meet the need for a single, trusted source 
of truth
â€¢
Operationalized data governance, implemented a data catalog and data 
dictionary, and established formalized business rules
â€¢
Spearheaded the migration of Health Firstâ€™s infrastructure to 
the cloud with Microsoft Azure Data Lake Storage Gen2 and 
Azure Synapse
â€¢
Enabled rapid prototyping and increased speed-to-market using Data Vault 
2.0 methodologies in conjunction with WhereScape automation efficiencies
â€¢
Directed project teams in the transformation of raw data into business-
ready visualizations; areas included Provider, Member, Claims, Finance, 
Case Management, HR, and Business Support
Impact
Health Firstâ€™s cloud migration significantly decreased infrastructure and 
administrative costs and accelerated new technology integrations.
Enterprise Data Platform (EDP)
Data Management Solutions >
Commercial, 2019â€“2021
Diagram of the EDP conceptual architecture.
",,"['amida sled overview -feb 24 2025 p17 1.png', 'amida sled overview -feb 24 2025 p17 2.jpeg', 'amida sled overview -feb 24 2025 p17 3.png']"
C:\Users\Shreya B\Documents\Projects\amida sled overview -feb 24 2025.pdf,18,"18
CONFIDENTIAL AND PROPRIETARY INFORMATION: DO NOT DISTRIBUTE
A representation of Amidaâ€™s proof-of-concept 
use of Natural Language Processing (NLP) to help 
state tax agencies improve audit compliance.
Problem
State tax agencies need better IT systems to more successfully expose non-
compliance, minimize zero-dollar assessments (false positives), and prioritize 
audit leads based on the probability of successful recoupment.
Our Approach
Amida is helping the SAS Institute build custom tax collection applications for 
their statistical software suite. We are developing a proof-of-concept that 
focuses on business and sales tax collection. Our work involves: 
â€¢
An analytical approach (that uses tax-type scenarios) and an areas-of-
intrigue approach (that employs custom-built algorithms based on the 
business sector)
â€¢
Entity resolution to identify anomalies in complex data sources that indicate 
likely tax avoidance, such as a business with purchases but no sales
â€¢
Trend analysis based on prior filings, and models that rapidly project the 
cost of audits (typically in a matter of hours)
â€¢
Scalable in-memory analytical processing, integrated data mining, and 
modern Machine Learning (ML) algorithms for the development and 
continual improvement of audit and compliance models 
Impact
State agencies can achieve increased rates of audit compliance and recoupment.
Revenue Optimization
Commercial, 2020â€“Present
Data Management Solutions >
Enterprise 
Entity 
Resolution
Policy 
Compliance and 
Text Analytics
Business Profile 
Analysis and 
Automated 
Business Rules
Ownership 
Network 
Analysis
Subject Matter 
Expertise 
of Sector-
Specific Data
Predictive 
Analytics and 
Anomaly 
Detection
Natural Language 
Processing
Smart 
Audits
Customer 
Leads
",,"['amida sled overview -feb 24 2025 p18 1.png', 'amida sled overview -feb 24 2025 p18 2.png']"
C:\Users\Shreya B\Documents\Projects\amida sled overview -feb 24 2025.pdf,19,"19
CONFIDENTIAL AND PROPRIETARY INFORMATION: DO NOT DISTRIBUTE
Amida developed an application for CNSI to access the 
longitudinal medical and claims data of â€œdual-eligibleâ€ 
Medicare/Medicaid beneficiaries. The application:
â€¢
Presents disparate health data in one interface using 
FHIR R4 for data exchange and SMART on FHIR for 
authentication and authorization
â€¢
Was developed and deployed on a SMART-on-FHIR 
solution using the Amazon Web Services (AWS) cloud 
(Cognito, API gateway) and the open-source HAPI 
FHIR library
â€¢
Retrieves and conforms data from disparate sources, 
including Medicare (using CMS Blue Button 2.0 API), 
state Medicaid (CNSI repository), and longitudinal 
health data (CNSI vendor repository)
CMS FHIR-Based Data Access
Data Management Solutions >
Commercial, 2020â€“2021
A FHIR-based application enables CNSI to retrieve and standardize 
Medicare and Medicaid claims data for dual-eligible beneficiaries, 
ensuring interoperability across systems.
",,"['amida sled overview -feb 24 2025 p19 1.png', 'amida sled overview -feb 24 2025 p19 2.png', 'amida sled overview -feb 24 2025 p19 3.png']"
C:\Users\Shreya B\Documents\Projects\amida sled overview -feb 24 2025.pdf,20,"20
CONFIDENTIAL AND PROPRIETARY INFORMATION: DO NOT DISTRIBUTE
Amida developed a FHIR server to meet the requirements of the 
CMS Patient Access API rule. We:
â€¢
Completed a requirements traceability matrix to prevent 
gaps between the CNSI solution and the CMS rule guidelines
â€¢
Implemented the CARIN Implementation Guide (IG) for Blue 
Button (C4BB) to enable patient access, including support 
for ExplanationOfBenefit, Inpatient, Outpatient, Pharmacy, 
and Professional claims types
â€¢
Implemented the SMART on FHIR IG in AWS Cognito (note 
that Cognito does not fully support this IG)
CMS Patient Access API
Data Management Solutions >
Commercial, 2020â€“2021
A FHIR server implementation for the CMS Patient Access 
API enables patients to securely access their claims and 
clinical data using CARIN Blue Button and SMART on FHIR.
",,"['amida sled overview -feb 24 2025 p20 1.png', 'amida sled overview -feb 24 2025 p20 2.jpeg', 'amida sled overview -feb 24 2025 p20 3.png']"
C:\Users\Shreya B\Documents\Projects\amida sled overview -feb 24 2025.pdf,21,"21
CONFIDENTIAL AND PROPRIETARY INFORMATION: DO NOT DISTRIBUTE
Amida developed an application for CNSI that makes Provider 
Directory information publicly accessible via a FHIR-based 
Provider Directory API.
â€¢
The FHIR API does not store data locally; rather, it accepts 
FHIR requests, translates them, and forwards (non-FHIR) 
requests to the CNSI FUZE Resource Adapter
â€¢
We followed the CARIN Alliance recommendation to 
implement the Provider Directory with the DaVinci Payer 
Data Exchange (PDEX) Payer Network (Plan Net) IG
â€¢
The Provider Directory API â€“ together with the longitudinal 
medical and claims data API â€“ enables CNSI to assert 
conformance with CMSâ€™ Interoperability and Patient 
Access Final Rule
â€¢
We used the HL7 FHIR Validator and AEGIS Touchstone 
for conformance testing
CMS Provider Directory Data
Data Management Solutions >
Commercial, 2020â€“2021
A FHIR-based Provider Directory API enables CNSI to provide real-time 
access to provider data while ensuring CMS interoperability compliance.
",,"['amida sled overview -feb 24 2025 p21 1.png', 'amida sled overview -feb 24 2025 p21 2.png', 'amida sled overview -feb 24 2025 p21 3.png']"
C:\Users\Shreya B\Documents\Projects\amida sled overview -feb 24 2025.pdf,22,"22
CONFIDENTIAL AND PROPRIETARY INFORMATION: DO NOT DISTRIBUTE
Amida developed a proof-of-concept to demonstrate the use and 
utility of the Centers for Medicare & Medicaid Services (CMS) Blue 
Button Direct Primary Care (DPC) pilot.
Highlights include:
â€¢
A prototype that shows CMS claims data in UPMCâ€™s patient viewer
â€¢
Analysis of and feedback on the hcOS API structure and 
authentication mechanisms
â€¢
Evaluation of Software as a Service (SaaS) Optical Character 
Recognition (OCR) vendors, so that UPMC may extend hcOS to 
provide additional features
Blue Button and API Support
Data Management Solutions >
Commercial, 2019
The hcOS Patient Viewer integrates UPMC 
and Blue Button data using RESTful APIs.
",,"['amida sled overview -feb 24 2025 p22 1.png', 'amida sled overview -feb 24 2025 p22 2.png', 'amida sled overview -feb 24 2025 p22 3.png', 'amida sled overview -feb 24 2025 p22 4.png']"
C:\Users\Shreya B\Documents\Projects\amida sled overview -feb 24 2025.pdf,23,"23
CONFIDENTIAL AND PROPRIETARY INFORMATION: DO NOT DISTRIBUTE
Using open-source tools, Amida created a solution to convert UPMC 
data from C-CDA format to FHIR, for use by the hcOS API.
Highlights include:
â€¢
Development of a C-CDA to FHIR-STU3 translation library for a 
set of core FHIR resource types
â€¢
Extension of the library to support XDS data envelopes and 
template-driven parsing
â€¢
Processing of de-identified sample data from Epic and Cerner 
systems through the library
C-CDA to FHIR
Data Management Solutions >
Commercial, 2018â€“2019
The C-CDA to FHIR library translates data from 
XML-based text files into FHIR-compliant JSON.
",,"['amida sled overview -feb 24 2025 p23 1.png', 'amida sled overview -feb 24 2025 p23 2.jpeg', 'amida sled overview -feb 24 2025 p23 3.png', 'amida sled overview -feb 24 2025 p23 4.png']"
C:\Users\Shreya B\Documents\Projects\amida sled overview -feb 24 2025.pdf,24,"24
CONFIDENTIAL AND PROPRIETARY INFORMATION: DO NOT DISTRIBUTE
This project focused on the bidirectional exchange of clinical data to 
and from Health Care Service Corporation (HCSC) partner provider 
organizations (health information exchanges, hospitals, provider 
networks). Amida provided technical analysis and program 
management services. Types of data exchanged included:
â€¢
Medical Record Request/Responses
ASC X12 277/275
â€¢
Laboratory Results (outbound)
HL7 2.5.1
â€¢
Admission, Discharge, and Transfer
HL7 2.5.1
â€¢
Laboratory Results (inbound)
HL7 2.5.1
â€¢
Membership, Provider, and Claims
ASC X12 837, 274, 834
â€¢
Health Summaries
HL7 CCDA
Clinical Data Exchange
Data Management Solutions >
Commercial, 2016â€“2017
Partner organizations can exchange data with HCSC to provide 
better continuity of care and improve predictive analytics.
",,"['amida sled overview -feb 24 2025 p24 1.png', 'amida sled overview -feb 24 2025 p24 2.png', 'amida sled overview -feb 24 2025 p24 3.jpeg']"
C:\Users\Shreya B\Documents\Projects\amida sled overview -feb 24 2025.pdf,25,"25
CONFIDENTIAL AND PROPRIETARY INFORMATION: DO NOT DISTRIBUTE
Compliance with congressionally-mandated reports requires the 
aggregation, transformation, and re-formatting of millions of 
claims and membership records. Errors in submissions can be 
costly, requiring additional man-hours to investigate the cause, 
correct the issue, and re-compile the submission packages.
Amida designed a data integrity overlay to facilitate compliance 
with mandated CMS reporting requirements. The overlay ensures 
consistency with CMS data requirements as far upstream in the 
data pipeline as possible, which enables identification of errors 
earlier in the submission process and improves the accuracy of the 
submitted data.
CMS Data Integrity Overlay
Data Management Solutions >
Commercial, 2016
Amida consumes data from multiple sources 
and formats it for submission to CMS.
",,"['amida sled overview -feb 24 2025 p25 1.png', 'amida sled overview -feb 24 2025 p25 2.png', 'amida sled overview -feb 24 2025 p25 3.png']"
C:\Users\Shreya B\Documents\Projects\amida sled overview -feb 24 2025.pdf,26,"26
CONFIDENTIAL AND PROPRIETARY INFORMATION: DO NOT DISTRIBUTE
SearchBlox integration architecture 
for the Virginia Tax system.
Problem
The Virginia Department of Taxationâ€™s (Virginia Taxâ€™s) search system failed to consistently 
provide accurate and relevant results to users seeking information on tax regulations. The 
absence of a dynamic search capability made it difficult for users to locate specific content 
quickly. As a result, they had to perform time-consuming manual searches across various 
sections of the Virginia Tax Laws, Rules, and Decisions (LRD), which further hindered the timely 
retrieval of vital information.
Our Approach
Amida implemented the SearchBlox Enterprise Search solution to enhance search 
functionalities for the Virginia Tax system. We configured and optimized SearchBlox to enable 
a more intuitive search experience, allowing users to easily access relevant tax-related content. 
We tailored the integration to align seamlessly with Virginia Taxâ€™s existing infrastructure, 
ensuring minimal disruption.
Impact
Implementation of the SearchBlox solution significantly improved the Virginia Tax system in the 
following ways:
â€¢
Improved search accuracy â€“ Users now have access to a dynamic search platform that 
delivers precise results for tax laws, rules, and decisions
â€¢
Streamlined information access â€“ The new solution offers advanced filtering options that 
allow users to refine search results by year, topic, and type, which reduces the time it takes 
to find specific information
â€¢
Enhanced user experience â€“ Features such as SmartSuggest help users to quickly locate 
frequently accessed content, which improves navigation and overall efficiency
SearchBlox Enterprise Search Solution 
State, 2024
Data Management Solutions >
",,"['amida sled overview -feb 24 2025 p26 1.png', 'amida sled overview -feb 24 2025 p26 2.png', 'amida sled overview -feb 24 2025 p26 3.png']"
C:\Users\Shreya B\Documents\Projects\amida sled overview -feb 24 2025.pdf,27,"27
CONFIDENTIAL AND PROPRIETARY INFORMATION: DO NOT DISTRIBUTE
Amida deployed an API management solution to support 
University of Pittsburgh Medical Centerâ€™s (UPMCâ€™s) 
Healthcare Operating System (hcOS) platform.
â€¢
Enabled UPMC to publish APIs, enforce their usage 
policies, control access, collect and analyze operation 
statistics, and report on performance
â€¢
Included a developer portal with interactive 
documentation, allowing developers to query and retrieve 
data from UPMC systems
API Management
Commercial, 2018
Through the hcOS portal, developers were able to use 
interactive API documentation to integrate their 
applications with UPMCâ€™s patient data repository.
Data Management Solutions >
",,"['amida sled overview -feb 24 2025 p27 1.png', 'amida sled overview -feb 24 2025 p27 2.png', 'amida sled overview -feb 24 2025 p27 3.jpeg', 'amida sled overview -feb 24 2025 p27 4.png', 'amida sled overview -feb 24 2025 p27 5.png', 'amida sled overview -feb 24 2025 p27 6.png', 'amida sled overview -feb 24 2025 p27 7.png', 'amida sled overview -feb 24 2025 p27 8.png']"
C:\Users\Shreya B\Documents\Projects\amida sled overview -feb 24 2025.pdf,28,"Amida Data 
Products
",,['amida sled overview -feb 24 2025 p28 1.jpeg']
C:\Users\Shreya B\Documents\Projects\amida sled overview -feb 24 2025.pdf,29,"29
CONFIDENTIAL AND PROPRIETARY INFORMATION: DO NOT DISTRIBUTE
High-level features and capabilities of Amida's EIP include the bi-directional 
transfer of data in a variety of formats between partners and the exchange, a 
central orchestrator that converts data and guarantees payload delivery to 
designated destinations, and a web portal for configuration and analytical 
reports. Messages may be exchanged as data streams, files, or API calls.
Insert 
Graphic Here 
and Remove 
Box
Problem
The shift to cloud computing has introduced complex challenges in data 
management as organizations face decentralized control over their data. 
Different teams and departments often employ disparate approaches to 
data integration, security, and governance, even when they rely on shared 
data sources or endpoints. This inconsistency is compounded by the 
coexistence of outdated file formats and a variety of data exchange 
protocols (e.g., real-time, near-real-time, asynchronous, batch), leading to 
operational inefficiencies and data misalignment.
Our Approach
Amidaâ€™s Enterprise Integration Platform is a low-code solution designed to 
streamline data exchange, both within organizations and with their external 
partners. By providing scalable, modular data pipelines with built-in audit 
trails and monitoring, the EIP reduces operational costs and accelerates 
deployment timelines. 
Impact
The EIP offers a centralized, elastic, and secure framework for data receipt, 
transmission, and transformation across organizational boundaries. This 
centralization reduces or eliminates redundancy, simplifies data processing, 
and standardizes cleansing and conversion. Its cloud-based design enables 
scalability for each applicable component of the solution architecture. 
Robust EIP security measures ensure the integrity of all transactions and 
provide authentication, authorization, and delivery guarantees, as well as 
transaction-level auditability for compliance and administration.
Enterprise Integration Platform (EIP)
Internal, 2024
Amida Data Products >
",,"['amida sled overview -feb 24 2025 p29 1.png', 'amida sled overview -feb 24 2025 p29 2.png', 'amida sled overview -feb 24 2025 p29 3.png']"
C:\Users\Shreya B\Documents\Projects\amida sled overview -feb 24 2025.pdf,30,"30
CONFIDENTIAL AND PROPRIETARY INFORMATION: DO NOT DISTRIBUTE
Problem
The Encounter Processing System (EPS) validates encounters between 
Managed Care Organizations (MCOs) and State Medicaid Agencies 
(SMAs). Current solutions often use mainframes, which limit scalability, 
flexibility, and cost-effectiveness. These constraints hinder efficient and 
accurate encounter processing and frequently result in poor data quality.
Our Approach
To address the challenges of poor data quality and inefficient validation 
processes, Amidaâ€™s EPS will provide SMAs with a modular, cost-effective 
solution based on a Business Rules Engine (BRE). The EPS will ensure 
that the encounter data validation process begins with an assessment of 
the Electronic Data Interchangeâ€™s (EDIâ€™s) compliance with the business 
rules of a particular SMA.
Impact
Amida's EPS will support high-volume encounter processing for SMAs, 
handling more than a million transactions per day to significantly 
enhance operational efficiency. The system will incorporate 
approximately 250 customizable business rules and store about 95 
percent of incoming EDI data in a relational database to ensure data 
integrity and compliance.
This solution is expected to improve the accuracy, timeliness, and 
efficiency of encounter-data processing and MCO provider-rate setting 
by 90 percent. In turn, these enhancements will lead to better patient 
outcomes, reduce processing costs by 80 percent, and elevate the 
overall quality of care for Medicaid agencies and their beneficiaries.
Encounter Processing System
This diagram provides a high-level overview of Amidaâ€™s EPS 
architecture, showcasing key components of the system and 
its interconnected workflows.
Amida Data Products >
",,"['amida sled overview -feb 24 2025 p30 1.png', 'amida sled overview -feb 24 2025 p30 2.png', 'amida sled overview -feb 24 2025 p30 3.png']"
C:\Users\Shreya B\Documents\Projects\amida sled overview -feb 24 2025.pdf,31,"31
CONFIDENTIAL AND PROPRIETARY INFORMATION: DO NOT DISTRIBUTE
Problem
Prior authorization (PA) is a widely used healthcare cost management 
process among payer organizations. However, current PA methods are 
often time-consuming and burdensome, leading to significant treatment 
delays, increased healthcare costs, and suboptimal patient outcomes. To 
address these challenges and improve access to healthcare data, the Centers
for Medicare & Medicaid Services (CMS) introduced the Interoperability and 
PA Final Rule (CMS-0057-F).1
Approach
Amidaâ€™s Prior Authorization Support solution is based on the Da Vinci 
Implementation Guides (IGs) for PA. Our application automates the 
authorization process by leveraging FHIR resources to pre-populate 
customized questionnaires with patient-specific data, enabling near-real-
time information exchange between payers and providers.
Impact
â€¢
Save time in filling out required forms and eliminate 100 percent of 
user-induced errors in key data fields 
â€¢
Reduce PA response times to under seventy-two hours for urgent cases 
and seven calendar days for standard cases
â€¢
Enable close to real-time tracking of PA metrics and response status, 
minimizing reliance on phone calls
â€¢
Ensure HL7-FHIR standards of interoperability
â€¢
Through increased automation, flexibility, and transparency our solution 
reduces the burden on all healthcare entities involved in the PA process
Prior Authorization Support (PAS)
Internal, 2024â€“Present
Amida Data Products >
Amida utilizes the Da Vinci Implementation Guides (CRD, DTR, and 
PAS, as defined in the above image) to build services that meet the 
expectations laid out under the CMS-0057-F rule. 
1 CMS-0057-F The Daily Journal of the United States Government, National Archives
",,"['amida sled overview -feb 24 2025 p31 1.png', 'amida sled overview -feb 24 2025 p31 2.png', 'amida sled overview -feb 24 2025 p31 3.jpeg']"
C:\Users\Shreya B\Documents\Projects\amida sled overview -feb 24 2025.pdf,32,"32
CONFIDENTIAL AND PROPRIETARY INFORMATION: DO NOT DISTRIBUTE
A representation of Saraswatiâ€™s infrastructure and use.
Saraswati
Ingestion
Data
Static 
calculation
Dynamic 
calculation
Predictive 
analytics
Insights
Dashboard
Decisions
Clinical 
Services
Enterprise Data 
Warehouse (EDW) / 
Clinical Data 
Warehouse (CDW)
Client
Saraswati
Problem
Many healthcare payers and providers cannot leverage their data to 
proactively improve quality of care. 
Our Approach
Saraswati enables dynamic HEDIS score calculation based on near-real-
time healthcare data. Rather than wait for static calculations that are 
typically evaluated quarterly or annually, payers and providers can use 
these streaming insights to consistently assess and improve quality of 
care. Saraswati:
â€¢
Links to existing infrastructure pipelines to ingest healthcare data 
from a range of mechanisms (e.g., REST, Amazon S3, and Smart on 
FHIR) in a variety of formats (FHIR, CCD, HL7, and X12)
â€¢
Calculates electronic Clinical Quality Measure (eCQM) scores based 
on a static data set using National Committee for Quality Assurance 
(NCQA)-certified measurements, and then dynamically recalculates 
HEDIS scores based on streaming data
â€¢
Uses time-series ML algorithms (via Python and PySpark) to predict 
trends in scores, which it displays in a dashboard that enables 
providers to intervene early on potential issues
Impact
Near-real-time HEDIS score calculations enable payers and providers to 
proactively identify services that need attention and quickly intervene to 
improve patient outcomes. 
Amida Data Products >
",,"['amida sled overview -feb 24 2025 p32 1.png', 'amida sled overview -feb 24 2025 p32 2.png', 'amida sled overview -feb 24 2025 p32 3.png']"
C:\Users\Shreya B\Documents\Projects\amida sled overview -feb 24 2025.pdf,33,"33
CONFIDENTIAL AND PROPRIETARY INFORMATION: DO NOT DISTRIBUTE
PICASSO (Our Advanced SDLC Methodology)
This PICASSO SDLC Canvas identifies the appropriate 
technique to use based on the project and its stage.
Internal, 2024â€“Present
The PICASSO software development lifecycle (SDLC) framework 
focuses on artifacts such as deliverables, work products, and 
operational components. Designed for adaptability, it supports 
configuration and scalability to meet each project's unique needs 
through the use of a Canvas.
Completed PICASSO Documentation (as of February 5, 2025) 
â€¢
Code Security Standards
â€¢
Jira Structure and Workflow (per discipline)
â€¢
Interface Control Document
â€¢
Code Commit and Pull Request Best Practices
â€¢
Configuration Management Plan
â€¢
Development Process
â€¢
Jira Tickets Format and Structure for PMO
â€¢
Severity Levels
â€¢
Testing Reporting Metrics
PICASSO Forms the Backbone of Processes for Quality Assurance
â€¢
Released a template and checklist in alignment with ISO-9001 
certification and corporate update of templates
â€¢
Implemented tracking metrics for the testing team
Amida Data Products >
",,"['amida sled overview -feb 24 2025 p33 1.png', 'amida sled overview -feb 24 2025 p33 2.png', 'amida sled overview -feb 24 2025 p33 3.png']"
C:\Users\Shreya B\Documents\Projects\amida sled overview -feb 24 2025.pdf,34,"34
CONFIDENTIAL AND PROPRIETARY INFORMATION: DO NOT DISTRIBUTE
Amidaâ€™s RUDRA tool offers the following key features and benefits. 
â€¢
Comprehensive testing support: Enables unit, integration, functional, 
performance, API, and database testing
â€¢
Behavior-Driven Development (BDD): Leverages human-readable 
scenarios to enhance collaboration among stakeholders, developers, 
and testers
â€¢
Hybrid approach: Combines data-driven, keyword-driven, and modular 
testing designs for better reusability, maintainability, and efficiency
â€¢
Platform-, environment-, and tool-agnostic: Compatible with diverse 
platforms, environments, and tools
o
Browser-agnostic, with support for multiple web drivers
â€¢
Seamless tool integrations:
o
Application Lifecycle Management (ALM) tools â€“ Integrates with 
Jira for test case management and traceability
o
Continuous Integration / Continuous Deployment (CI/CD) tools â€“
Works with Jenkins for automated test execution in continuous 
delivery pipelines
o
Testing tools â€“ Supports Playwright, Selenium, and other 
frameworks for robust web and browser testing
â€¢
Cross-platform automation: Ensures scalable and flexible test execution 
across various platforms and environments
â€¢
Modern testing methodologies: Reduces costs, improves accuracy, and 
accelerates release cycles to deliver high-quality software
Robust Utility for Data-Driven Release Assurance (RUDRA)
RUDRA is designed to overcome the limitations of a generic test 
framework by enhancing flexibility, adaptability, and test coverage.
Internal, 2024â€“Present
Amida Data Products >
",,"['amida sled overview -feb 24 2025 p34 1.png', 'amida sled overview -feb 24 2025 p34 2.png', 'amida sled overview -feb 24 2025 p34 3.png']"
C:\Users\Shreya B\Documents\Projects\amida sled overview -feb 24 2025.pdf,35,"State, Local, and 
Education (SLED) 
Pipeline
",,['amida sled overview -feb 24 2025 p35 1.jpeg']
C:\Users\Shreya B\Documents\Projects\amida sled overview -feb 24 2025.pdf,36,"36
CONFIDENTIAL AND PROPRIETARY INFORMATION: DO NOT DISTRIBUTE
Current Procurement: State of North Carolina Automation MSA
In October 2024, Amida submitted a prime proposal in response to the North Carolina Department of Health and Human Services (NCDHHS) 
Division of Health Benefits (DHB) Automated Solutions for Business Processes RFQ.
The objective of this procurement is to create a pool of qualified offerors in support of: (1) modernized business automation consulting and 
solutions design, (2) development and implementation of automation solutions to address manual business processes, and (3) the incorporation of 
business process improvement best practices.
Specifically, the State is looking for qualified vendors to deliver automated solutions that utilize the following technologies to increase operational 
and oversight efficiencies:
â€¢
Artificial Intelligence 
â€¢
Machine Learning
â€¢
Data Mining
â€¢
Robotic Process Automation
â€¢
Automation
Amida established an exclusive teaming agreement with LexisNexis Risk Solutions (LNRS) prior to response submission. Amida and LNRS are two 
core partners who currently deliver work to NCDHHS as part of Amidaâ€™s Interoperability and Patient Access Solution prime contract.
Impact: NCDHHS aims to award several prime contracts (estimated between eight to ten) in support of this Master Service Agreement (MSA), 
which will serve as the primary contractual vehicle for the future procurement of automated, modernized IT and software solutions for NCDHHS.
Procurement Status Insight: Amida â€œremains in the runningâ€ for a contract award, as State evaluations continue.
Contract Period of Performance: 36 months (three-year base contract)
Estimated Contract Value: Amida forecasts the total contract value of this procurement to be $100,000,000 over the period of performance.
SLED Pipeline >
",,[]
C:\Users\Shreya B\Documents\Projects\amida sled overview -feb 24 2025.pdf,37,"37
CONFIDENTIAL AND PROPRIETARY INFORMATION: DO NOT DISTRIBUTE
Current Procurement: South Carolina DHHS EPS Phase II
From March 2023 to January 2024, Amida led the South Carolina Department of Health and Human Services in the modernization and 
development of a new Encounter Processing System. Our program support culminated in the successful delivery of a Minimum Testable 
Product at the conclusion of our engagement.
On November 25, 2024, Amida stakeholders met with Gartner to discuss our continued support of SCDHHSâ€™ EPS, with the goal to bring 
the solution into production. Following this discussion, Gartner recommended that if SCDHHS is to bring their EPS MTP to production, 
Amida is the best-positioned vendor to achieve a successful implementation. This recommendation was delivered to SCDHHS leadership.
On February 7, 2025, Amida submitted our response to SCDHHSâ€™ â€œEPS Phase IIâ€ proposal, which is designed to bring the EPS MTP (built 
by Amida) into production. 
Amidaâ€™s Response Strategy (Prime)
Amida submitted a Prime response to SCDHHSâ€™ EPS Phase II proposal. In this engagement, we will â€œpick up where we left offâ€ at the 
conclusion of our Phase I engagement and achieve production implementation at the conclusion of Contract Year 1.
Period of Performance
This contract will consist of one (1) twelve-month Design, Development, and Implementation (DDI) phase, followed by one (1) year of 
Operations and Maintenance (O&M) services. Amida has also proposed the inclusion of a second, optional O&M year â€“ which would 
extend the performance period to thirty-six (36) total months.
Expected Timeframe for Contract Award
SCDHHS expects Amida to begin EPS Phase II service delivery as early as May 1, 2025. The official contract start date will be established 
upon contract award.
Expected Total Contract Value
Amida forecasts this procurement to carry a total contract value of approximately $8,000,000.
SLED Pipeline >
",,[]
C:\Users\Shreya B\Documents\Projects\amida sled overview -feb 24 2025.pdf,38,"Customers and 
Partners
",,['amida sled overview -feb 24 2025 p38 1.jpeg']
C:\Users\Shreya B\Documents\Projects\amida sled overview -feb 24 2025.pdf,39,"39
CONFIDENTIAL AND PROPRIETARY INFORMATION: DO NOT DISTRIBUTE
Some of Our Customers (State, Local, and Commercial)
Customers and Partners >
",,"['amida sled overview -feb 24 2025 p39 1.png', 'amida sled overview -feb 24 2025 p39 2.png', 'amida sled overview -feb 24 2025 p39 3.jpeg', 'amida sled overview -feb 24 2025 p39 4.png', 'amida sled overview -feb 24 2025 p39 5.png', 'amida sled overview -feb 24 2025 p39 6.png', 'amida sled overview -feb 24 2025 p39 7.png', 'amida sled overview -feb 24 2025 p39 8.png', 'amida sled overview -feb 24 2025 p39 9.png', 'amida sled overview -feb 24 2025 p39 10.png', 'amida sled overview -feb 24 2025 p39 11.png', 'amida sled overview -feb 24 2025 p39 12.png', 'amida sled overview -feb 24 2025 p39 13.jpeg', 'amida sled overview -feb 24 2025 p39 14.png', 'amida sled overview -feb 24 2025 p39 15.png', 'amida sled overview -feb 24 2025 p39 16.png', 'amida sled overview -feb 24 2025 p39 17.png', 'amida sled overview -feb 24 2025 p39 18.png', 'amida sled overview -feb 24 2025 p39 19.png', 'amida sled overview -feb 24 2025 p39 20.png', 'amida sled overview -feb 24 2025 p39 21.jpeg', 'amida sled overview -feb 24 2025 p39 22.png']"
C:\Users\Shreya B\Documents\Projects\amida sled overview -feb 24 2025.pdf,40,"40
CONFIDENTIAL AND PROPRIETARY INFORMATION: DO NOT DISTRIBUTE
Our Primary Technology Stack
Customers and Partners >
Kubernetes
Docker
AWS 
Lambda
AWS Step 
Functions
GitHub
Jenkins
Jira
Development Tools
Containers
Serverless
Analytics
Enterprise Service Bus (ESB)
Data Platforms
Data Integration
Data Governance
Python
JavaScript
Cloud
Services
Platforms
Azure
Interoperability 
Tools
Symedical
Synthea
React
SCSS
Redux
React Native 
with Redux
Angular
Front End
DynamoDB
MS SQL
Databases
Redis
MySQL
Languages
Java
Node.js
Spring Boot
Flask
HAPI FHIR
AI/ML
Data Modeling
ER/Studio
PostgreSQL
MongoDB
Google 
Cloud
Amazon 
Web 
Services
Aegis 
Touchstone
Apache Spark
Redshift
C#
.NET
Neo4j
Cosmos DB
Drools
Tailwind CSS
Next.js
OpenShift
Rust
",,"['amida sled overview -feb 24 2025 p40 1.png', 'amida sled overview -feb 24 2025 p40 2.png', 'amida sled overview -feb 24 2025 p40 3.png', 'amida sled overview -feb 24 2025 p40 4.png', 'amida sled overview -feb 24 2025 p40 5.png', 'amida sled overview -feb 24 2025 p40 6.png', 'amida sled overview -feb 24 2025 p40 7.png', 'amida sled overview -feb 24 2025 p40 8.png', 'amida sled overview -feb 24 2025 p40 9.png', 'amida sled overview -feb 24 2025 p40 10.png', 'amida sled overview -feb 24 2025 p40 11.png', 'amida sled overview -feb 24 2025 p40 12.png', 'amida sled overview -feb 24 2025 p40 13.png', 'amida sled overview -feb 24 2025 p40 14.png', 'amida sled overview -feb 24 2025 p40 15.png', 'amida sled overview -feb 24 2025 p40 16.png', 'amida sled overview -feb 24 2025 p40 17.png', 'amida sled overview -feb 24 2025 p40 18.png', 'amida sled overview -feb 24 2025 p40 19.png', 'amida sled overview -feb 24 2025 p40 20.png', 'amida sled overview -feb 24 2025 p40 21.png', 'amida sled overview -feb 24 2025 p40 22.png', 'amida sled overview -feb 24 2025 p40 23.png', 'amida sled overview -feb 24 2025 p40 24.png', 'amida sled overview -feb 24 2025 p40 25.png', 'amida sled overview -feb 24 2025 p40 26.png', 'amida sled overview -feb 24 2025 p40 27.png', 'amida sled overview -feb 24 2025 p40 28.png', 'amida sled overview -feb 24 2025 p40 29.png', 'amida sled overview -feb 24 2025 p40 30.png', 'amida sled overview -feb 24 2025 p40 31.png', 'amida sled overview -feb 24 2025 p40 32.png', 'amida sled overview -feb 24 2025 p40 33.png', 'amida sled overview -feb 24 2025 p40 34.png', 'amida sled overview -feb 24 2025 p40 35.png', 'amida sled overview -feb 24 2025 p40 36.png', 'amida sled overview -feb 24 2025 p40 37.png', 'amida sled overview -feb 24 2025 p40 38.png', 'amida sled overview -feb 24 2025 p40 39.png', 'amida sled overview -feb 24 2025 p40 40.png', 'amida sled overview -feb 24 2025 p40 41.png', 'amida sled overview -feb 24 2025 p40 42.png', 'amida sled overview -feb 24 2025 p40 43.png', 'amida sled overview -feb 24 2025 p40 44.png', 'amida sled overview -feb 24 2025 p40 45.png', 'amida sled overview -feb 24 2025 p40 46.png', 'amida sled overview -feb 24 2025 p40 47.png', 'amida sled overview -feb 24 2025 p40 48.png', 'amida sled overview -feb 24 2025 p40 49.png', 'amida sled overview -feb 24 2025 p40 50.png', 'amida sled overview -feb 24 2025 p40 51.png', 'amida sled overview -feb 24 2025 p40 52.png', 'amida sled overview -feb 24 2025 p40 53.png', 'amida sled overview -feb 24 2025 p40 54.png', 'amida sled overview -feb 24 2025 p40 55.png', 'amida sled overview -feb 24 2025 p40 56.png', 'amida sled overview -feb 24 2025 p40 57.png', 'amida sled overview -feb 24 2025 p40 58.png', 'amida sled overview -feb 24 2025 p40 59.png', 'amida sled overview -feb 24 2025 p40 60.png', 'amida sled overview -feb 24 2025 p40 61.png', 'amida sled overview -feb 24 2025 p40 62.png', 'amida sled overview -feb 24 2025 p40 63.png', 'amida sled overview -feb 24 2025 p40 64.png', 'amida sled overview -feb 24 2025 p40 65.png', 'amida sled overview -feb 24 2025 p40 66.png', 'amida sled overview -feb 24 2025 p40 67.png', 'amida sled overview -feb 24 2025 p40 68.png', 'amida sled overview -feb 24 2025 p40 69.png', 'amida sled overview -feb 24 2025 p40 70.png', 'amida sled overview -feb 24 2025 p40 71.png', 'amida sled overview -feb 24 2025 p40 72.png', 'amida sled overview -feb 24 2025 p40 73.png', 'amida sled overview -feb 24 2025 p40 74.png', 'amida sled overview -feb 24 2025 p40 75.png', 'amida sled overview -feb 24 2025 p40 76.png']"
C:\Users\Shreya B\Documents\Projects\amida sled overview -feb 24 2025.pdf,41,"Thank You
www.amida.com
contact@amida.com            (202) 735-1798
",,"['amida sled overview -feb 24 2025 p41 1.png', 'amida sled overview -feb 24 2025 p41 2.png', 'amida sled overview -feb 24 2025 p41 3.png']"
